{
    "skins": [
        {
            "src": "https://cdn.glitch.me/2d6e8d70-57a5-4dd2-b4bb-c1505f83f020/4chan.png",
            "label": "4chan"
        },
        {
            "src": "https://cdn.glitch.me/2d6e8d70-57a5-4dd2-b4bb-c1505f83f020/76ers.png",
            "label": "76ers"
        },
        {
            "src": "https://cdn.glitch.me/2d6e8d70-57a5-4dd2-b4bb-c1505f83f020/8ball.png",
            "label": "8ball"
        },
        {
            "src": "https://cdn.glitch.me/2d6e8d70-57a5-4dd2-b4bb-c1505f83f020/9gag.png",
            "label": "9gag"
        },
        {
            "src": "https://cdn.glitch.me/2d6e8d70-57a5-4dd2-b4bb-c1505f83f020/FaZe.png",
            "label": "FaZe"
        },
        {
            "src": "https://cdn.glitch.me/2d6e8d70-57a5-4dd2-b4bb-c1505f83f020/adidas.png",
            "label": "adidas"
        },
        {
            "src": "https://cdn.glitch.me/2d6e8d70-57a5-4dd2-b4bb-c1505f83f020/agario.png",
            "label": "agario"
        },
        {
            "src": "https://cdn.glitch.me/2d6e8d70-57a5-4dd2-b4bb-c1505f83f020/alien.png",
            "label": "alien"
        },
        {
            "src": "https://cdn.glitch.me/2d6e8d70-57a5-4dd2-b4bb-c1505f83f020/anonymous.png",
            "label": "anonymous"
        },
        {
            "src": "https://cdn.glitch.me/2d6e8d70-57a5-4dd2-b4bb-c1505f83f020/argentina.png",
            "label": "argentina"
        },
        {
            "src": "https://cdn.glitch.me/2d6e8d70-57a5-4dd2-b4bb-c1505f83f020/army.png",
            "label": "army"
        },
        {
            "src": "https://cdn.glitch.me/2d6e8d70-57a5-4dd2-b4bb-c1505f83f020/atari.png",
            "label": "atari"
        },
        {
            "src": "https://cdn.glitch.me/2d6e8d70-57a5-4dd2-b4bb-c1505f83f020/australia.png",
            "label": "australia"
        },
        {
            "src": "https://cdn.glitch.me/2d6e8d70-57a5-4dd2-b4bb-c1505f83f020/austria.png",
            "label": "austria"
        },
        {
            "src": "https://cdn.glitch.me/2d6e8d70-57a5-4dd2-b4bb-c1505f83f020/bait.png",
            "label": "bait"
        },
        {
            "src": "https://cdn.glitch.global/2d6e8d70-57a5-4dd2-b4bb-c1505f83f020/barcelona.jpg",
            "label": "barcalona"
        },
        {
            "src": "https://cdn.glitch.me/2d6e8d70-57a5-4dd2-b4bb-c1505f83f020/baseball.png",
            "label": "baseball"
        },
        {
            "src": "https://cdn.glitch.me/2d6e8d70-57a5-4dd2-b4bb-c1505f83f020/basketball.png",
            "label": "basketball"
        },
        {
            "src": "https://cdn.glitch.me/2d6e8d70-57a5-4dd2-b4bb-c1505f83f020/bayern.png",
            "label": "bayern"
        },
        {
            "src": "https://cdn.glitch.me/2d6e8d70-57a5-4dd2-b4bb-c1505f83f020/bird.png",
            "label": "bird"
        },
        {
            "src": "https://cdn.glitch.me/2d6e8d70-57a5-4dd2-b4bb-c1505f83f020/bob.jpg",
            "label": "bob"
        },
        {
            "src": "https://cdn.glitch.me/2d6e8d70-57a5-4dd2-b4bb-c1505f83f020/bomb.png",
            "label": "bomb"
        },
        {
            "src": "https://cdn.glitch.me/2d6e8d70-57a5-4dd2-b4bb-c1505f83f020/bosnia.png",
            "label": "bosnia"
        },
        {
            "src": "https://cdn.glitch.me/2d6e8d70-57a5-4dd2-b4bb-c1505f83f020/bowling.png",
            "label": "bowling"
        },
        {
            "src": "https://cdn.glitch.me/2d6e8d70-57a5-4dd2-b4bb-c1505f83f020/brazil.png",
            "label": "brazil"
        },
        {
            "src": "https://cdn.glitch.me/2d6e8d70-57a5-4dd2-b4bb-c1505f83f020/brokensans.png",
            "label": "brokensans"
        },
        {
            "src": "https://cdn.glitch.me/2d6e8d70-57a5-4dd2-b4bb-c1505f83f020/bug.png",
            "label": "bug"
        },
        {
            "src": "https://cdn.glitch.me/2d6e8d70-57a5-4dd2-b4bb-c1505f83f020/bvb.png",
            "label": "bvb"
        },
        {
            "src": "https://cdn.glitch.me/2d6e8d70-57a5-4dd2-b4bb-c1505f83f020/canada.png",
            "label": "canada"
        },
        {
            "src": "https://cdn.glitch.me/2d6e8d70-57a5-4dd2-b4bb-c1505f83f020/cat.png",
            "label": "cat"
        },
        {
            "src": "https://cdn.glitch.me/2d6e8d70-57a5-4dd2-b4bb-c1505f83f020/champion.jpg",
            "label": "champion"
        },
        {
            "src": "https://cdn.glitch.me/2d6e8d70-57a5-4dd2-b4bb-c1505f83f020/charmander.png",
            "label": "charmander"
        },
        {
            "src": "https://cdn.glitch.me/2d6e8d70-57a5-4dd2-b4bb-c1505f83f020/chiefs.jpg",
            "label": "chiefs"
        },
        {
            "src": "https://cdn.glitch.me/2d6e8d70-57a5-4dd2-b4bb-c1505f83f020/chelsea.png",
            "label": "chelsea"
        },
        {
            "src": "https://cdn.glitch.me/2d6e8d70-57a5-4dd2-b4bb-c1505f83f020/chrome.png",
            "label": "chrome"
        },
        {
            "src": "https://cdn.glitch.me/2d6e8d70-57a5-4dd2-b4bb-c1505f83f020/cia.png",
            "label": "cia"
        },
        {
            "src": "https://cdn.glitch.me/2d6e8d70-57a5-4dd2-b4bb-c1505f83f020/cloud9.png",
            "label": "cloud9"
        },
        {
            "src": "https://cdn.glitch.me/2d6e8d70-57a5-4dd2-b4bb-c1505f83f020/cookie.png",
            "label": "cookie"
        },
        {
            "src": "https://cdn.glitch.me/2d6e8d70-57a5-4dd2-b4bb-c1505f83f020/cooper.jpg",
            "label": "cooper"
        },
        {
            "src": "https://cdn.glitch.me/2d6e8d70-57a5-4dd2-b4bb-c1505f83f020/crazy.png",
            "label": "crazy"
        },
        {
            "src": "https://cdn.glitch.me/2d6e8d70-57a5-4dd2-b4bb-c1505f83f020/creeper.png",
            "label": "creeper"
        },
        {
            "src": "https://cdn.glitch.me/2d6e8d70-57a5-4dd2-b4bb-c1505f83f020/croatia.png",
            "label": "croatia"
        },
        {
            "src": "https://cdn.glitch.me/2d6e8d70-57a5-4dd2-b4bb-c1505f83f020/damn.png",
            "label": "damn"
        },
        {
            "src": "https://cdn.glitch.me/2d6e8d70-57a5-4dd2-b4bb-c1505f83f020/denzel.png",
            "label": "denzel"
        },
        {
            "src": "https://cdn.glitch.me/2d6e8d70-57a5-4dd2-b4bb-c1505f83f020/devil.png",
            "label": "devil"
        },
        {
            "src": "https://cdn.glitch.me/2d6e8d70-57a5-4dd2-b4bb-c1505f83f020/die lit.png",
            "label": "die lit"
        },
        {
            "src": "https://cdn.glitch.me/2d6e8d70-57a5-4dd2-b4bb-c1505f83f020/dirt.png",
            "label": "dirt"
        },
        {
            "src": "https://cdn.glitch.me/2d6e8d70-57a5-4dd2-b4bb-c1505f83f020/dog.png",
            "label": "dog"
        },
        {
            "src": "https://cdn.glitch.me/2d6e8d70-57a5-4dd2-b4bb-c1505f83f020/doge.png",
            "label": "doge"
        },
        {
            "src": "https://cdn.glitch.me/2d6e8d70-57a5-4dd2-b4bb-c1505f83f020/donut.png",
            "label": "donut"
        },
        {
            "src": "https://cdn.glitch.me/2d6e8d70-57a5-4dd2-b4bb-c1505f83f020/dop.png",
            "label": "dop"
        },
        {
            "src": "https://cdn.glitch.me/2d6e8d70-57a5-4dd2-b4bb-c1505f83f020/dragonball.png",
            "label": "dragonball"
        },
        {
            "src": "https://cdn.glitch.me/2d6e8d70-57a5-4dd2-b4bb-c1505f83f020/eagles.jpg",
            "label": "eagles"
        },
        {
            "src": "https://cdn.glitch.me/2d6e8d70-57a5-4dd2-b4bb-c1505f83f020/earth.png",
            "label": "earth"
        },
        {
            "src": "https://cdn.glitch.me/2d6e8d70-57a5-4dd2-b4bb-c1505f83f020/eggs.png",
            "label": "eggs"
        },
        {
            "src": "https://cdn.glitch.me/2d6e8d70-57a5-4dd2-b4bb-c1505f83f020/embiid.png",
            "label": "embiid"
        },
        {
            "src": "https://cdn.glitch.me/2d6e8d70-57a5-4dd2-b4bb-c1505f83f020/enderman.png",
            "label": "enderman"
        },
        {
            "src": "https://cdn.glitch.me/2d6e8d70-57a5-4dd2-b4bb-c1505f83f020/eu.png",
            "label": "eu"
        },
        {
            "src": "https://cdn.glitch.global/2d6e8d70-57a5-4dd2-b4bb-c1505f83f020/evangelion.jpg",
            "label": "evangelion"
        },
        {
            "src": "https://cdn.glitch.me/2d6e8d70-57a5-4dd2-b4bb-c1505f83f020/eye.png",
            "label": "eye"
        },
        {
            "src": "https://cdn.glitch.me/2d6e8d70-57a5-4dd2-b4bb-c1505f83f020/facepunch.png",
            "label": "facepunch"
        },
        {
            "src": "https://cdn.glitch.me/2d6e8d70-57a5-4dd2-b4bb-c1505f83f020/febreze.jpg",
            "label": "febreze"
        },
        {
            "src": "https://cdn.glitch.me/2d6e8d70-57a5-4dd2-b4bb-c1505f83f020/fish.png",
            "label": "fish"
        },
        {
            "src": "https://cdn.glitch.me/2d6e8d70-57a5-4dd2-b4bb-c1505f83f020/flyers.jpg",
            "label": "flyers"
        },
        {
            "src": "https://cdn.glitch.me/2d6e8d70-57a5-4dd2-b4bb-c1505f83f020/france.png",
            "label": "france"
        },
        {
            "src": "https://cdn.glitch.me/2d6e8d70-57a5-4dd2-b4bb-c1505f83f020/frog.png",
            "label": "frog"
        },
        {
            "src": "https://cdn.glitch.me/2d6e8d70-57a5-4dd2-b4bb-c1505f83f020/frostybowl.png",
            "label": "frostybowl"
        },
        {
            "src": "https://cdn.glitch.me/2d6e8d70-57a5-4dd2-b4bb-c1505f83f020/galaxy.png",
            "label": "galaxy"
        },
        {
            "src": "https://cdn.glitch.me/2d6e8d70-57a5-4dd2-b4bb-c1505f83f020/german-empire.png",
            "label": "german-empire"
        },
        {
            "src": "https://cdn.glitch.me/2d6e8d70-57a5-4dd2-b4bb-c1505f83f020/germany.png",
            "label": "germany"
        },
        {
            "src": "https://cdn.glitch.me/2d6e8d70-57a5-4dd2-b4bb-c1505f83f020/goofy.jpg",
            "label": "goofyahh"
        },
        {
            "src": "https://cdn.glitch.me/2d6e8d70-57a5-4dd2-b4bb-c1505f83f020/greenbay.jpg",
            "label": "greenbay"
        },
        {
            "src": "https://cdn.glitch.me/2d6e8d70-57a5-4dd2-b4bb-c1505f83f020/h20.png",
            "label": "h20"
        },
        {
            "src": "https://cdn.glitch.me/2d6e8d70-57a5-4dd2-b4bb-c1505f83f020/hacker.png",
            "label": "hacker"
        },
        {
            "src": "https://cdn.glitch.me/2d6e8d70-57a5-4dd2-b4bb-c1505f83f020/handycap.png",
            "label": "handycap"
        },
        {
            "src": "https://cdn.glitch.me/2d6e8d70-57a5-4dd2-b4bb-c1505f83f020/homer.png",
            "label": "homer"
        },
        {
            "src": "https://cdn.glitch.me/2d6e8d70-57a5-4dd2-b4bb-c1505f83f020/hotdog.png",
            "label": "hotdog"
        },
        {
            "src": "https://cdn.glitch.me/2d6e8d70-57a5-4dd2-b4bb-c1505f83f020/instagram.png",
            "label": "instagram"
        },
        {
            "src": "https://cdn.glitch.me/2d6e8d70-57a5-4dd2-b4bb-c1505f83f020/ireland.png",
            "label": "ireland"
        },
        {
            "src": "https://cdn.glitch.me/2d6e8d70-57a5-4dd2-b4bb-c1505f83f020/issac.png",
            "label": "issac"
        },
        {
            "src": "https://cdn.glitch.me/2d6e8d70-57a5-4dd2-b4bb-c1505f83f020/italy.png",
            "label": "italy"
        },
        {
            "src": "https://cdn.glitch.me/2d6e8d70-57a5-4dd2-b4bb-c1505f83f020/jackskellington.png",
            "label": "jackskellington"
        },
        {
            "src": "https://cdn.glitch.me/2d6e8d70-57a5-4dd2-b4bb-c1505f83f020/japan.png",
            "label": "japan"
        },
        {
            "src": "https://cdn.glitch.me/2d6e8d70-57a5-4dd2-b4bb-c1505f83f020/jptr.png",
            "label": "jptr"
        },
        {
            "src": "https://cdn.glitch.me/2d6e8d70-57a5-4dd2-b4bb-c1505f83f020/jupiter.png",
            "label": "jupiter"
        },
        {
            "src": "https://cdn.glitch.me/2d6e8d70-57a5-4dd2-b4bb-c1505f83f020/kanye.png",
            "label": "kanye"
        },
        {
            "src": "https://cdn.glitch.me/2d6e8d70-57a5-4dd2-b4bb-c1505f83f020/kc.png",
            "label": "kc"
        },
        {
            "src": "https://cdn.glitch.me/2d6e8d70-57a5-4dd2-b4bb-c1505f83f020/kfc.png",
            "label": "kfc"
        },
        {
            "src": "https://cdn.glitch.me/2d6e8d70-57a5-4dd2-b4bb-c1505f83f020/kirby.png",
            "label": "kirby"
        },
        {
            "src": "https://cdn.glitch.me/2d6e8d70-57a5-4dd2-b4bb-c1505f83f020/kobe.png",
            "label": "kobe"
        },
        {
            "src": "https://cdn.glitch.me/2d6e8d70-57a5-4dd2-b4bb-c1505f83f020/korea.png",
            "label": "korea"
        },
        {
            "src": "https://cdn.glitch.me/2d6e8d70-57a5-4dd2-b4bb-c1505f83f020/lakers.jpg",
            "label": "lakers"
        },
        {
            "src": "https://cdn.glitch.me/2d6e8d70-57a5-4dd2-b4bb-c1505f83f020/lenny.png",
            "label": "lenny"
        },
        {
            "src": "https://cdn.glitch.me/2d6e8d70-57a5-4dd2-b4bb-c1505f83f020/lightskin-lord.png",
            "label": "lightskin-lord"
        },
        {
            "src": "https://cdn.glitch.me/2d6e8d70-57a5-4dd2-b4bb-c1505f83f020/luma.png",
            "label": "luma"
        },
        {
            "src": "https://cdn.glitch.me/2d6e8d70-57a5-4dd2-b4bb-c1505f83f020/lyrical-lemonade.png",
            "label": "lyrical-lemonade"
        },
        {
            "src": "https://cdn.glitch.me/2d6e8d70-57a5-4dd2-b4bb-c1505f83f020/manu.png",
            "label": "manu"
        },
        {
            "src": "https://cdn.glitch.me/2d6e8d70-57a5-4dd2-b4bb-c1505f83f020/mario.png",
            "label": "mario"
        },
        {
            "src": "https://cdn.glitch.me/2d6e8d70-57a5-4dd2-b4bb-c1505f83f020/mars.png",
            "label": "mars"
        },
        {
            "src": "https://cdn.glitch.global/2d6e8d70-57a5-4dd2-b4bb-c1505f83f020/mbappe.jpeg",
            "label": "mbappe"
        },
        {
            "src": "https://cdn.glitch.me/2d6e8d70-57a5-4dd2-b4bb-c1505f83f020/mbdtf.png",
            "label": "mbdtf"
        },
        {
            "src": "https://cdn.glitch.me/2d6e8d70-57a5-4dd2-b4bb-c1505f83f020/mcdonalds.png",
            "label": "mcdonalds"
        },
        {
            "src": "https://cdn.glitch.me/2d6e8d70-57a5-4dd2-b4bb-c1505f83f020/melodicblue.jpeg",
            "label": "melodicblue"
        },
        {
            "src": "https://cdn.glitch.global/2d6e8d70-57a5-4dd2-b4bb-c1505f83f020/messi.jpeg",
            "label": "messi"
        },
        {
            "src": "https://cdn.glitch.me/2d6e8d70-57a5-4dd2-b4bb-c1505f83f020/metro.png",
            "label": "metro"
        },
        {
            "src": "https://cdn.glitch.me/2d6e8d70-57a5-4dd2-b4bb-c1505f83f020/mexico.png",
            "label": "mexico"
        },
        {
            "src": "https://cdn.glitch.me/2d6e8d70-57a5-4dd2-b4bb-c1505f83f020/mk.png",
            "label": "mk"
        },
        {
            "src": "https://cdn.glitch.global/2d6e8d70-57a5-4dd2-b4bb-c1505f83f020/moist.jpg",
            "label": "moist"
        },
        {
            "src": "https://cdn.glitch.me/2d6e8d70-57a5-4dd2-b4bb-c1505f83f020/money.png",
            "label": "money"
        },
        {
            "src": "https://cdn.glitch.me/2d6e8d70-57a5-4dd2-b4bb-c1505f83f020/monky-team.png",
            "label": "monkey"
        },
        {
            "src": "https://cdn.glitch.me/2d6e8d70-57a5-4dd2-b4bb-c1505f83f020/moo.png",
            "label": "moo"
        },
        {
            "src": "https://cdn.glitch.me/2d6e8d70-57a5-4dd2-b4bb-c1505f83f020/moon.png",
            "label": "moon"
        },
        {
            "src": "https://cdn.glitch.me/2d6e8d70-57a5-4dd2-b4bb-c1505f83f020/morbius.png",
            "label": "morbius"
        },
        {
            "src": "https://cdn.glitch.me/2d6e8d70-57a5-4dd2-b4bb-c1505f83f020/mrbeast.jpg",
            "label": "mrbeast"
        },
        {
            "src": "https://cdn.glitch.me/2d6e8d70-57a5-4dd2-b4bb-c1505f83f020/muncho.png",
            "label": "muncho"
        },
        {
            "src": "https://cdn.glitch.me/2d6e8d70-57a5-4dd2-b4bb-c1505f83f020/mushroom.png",
            "label": "mushroom"
        },
        {
            "src": "https://cdn.glitch.me/2d6e8d70-57a5-4dd2-b4bb-c1505f83f020/nasa.png",
            "label": "nasa"
        },
        {
            "src": "https://cdn.glitch.me/2d6e8d70-57a5-4dd2-b4bb-c1505f83f020/nbc.png",
            "label": "nbc"
        },
        {
            "src": "https://cdn.glitch.me/2d6e8d70-57a5-4dd2-b4bb-c1505f83f020/neptune.png",
            "label": "neptune"
        },
        {
            "src": "https://cdn.glitch.me/2d6e8d70-57a5-4dd2-b4bb-c1505f83f020/nigeria.png",
            "label": "nigeria"
        },
        {
            "src": "https://cdn.glitch.me/2d6e8d70-57a5-4dd2-b4bb-c1505f83f020/nike.png",
            "label": "nike"
        },
        {
            "src": "https://cdn.glitch.me/2d6e8d70-57a5-4dd2-b4bb-c1505f83f020/ninja.png",
            "label": "ninja"
        },
        {
            "src": "https://cdn.glitch.me/2d6e8d70-57a5-4dd2-b4bb-c1505f83f020/norway.png",
            "label": "norway"
        },
        {
            "src": "https://cdn.glitch.me/2d6e8d70-57a5-4dd2-b4bb-c1505f83f020/nuke.png",
            "label": "nuke"
        },
        {
            "src": "https://cdn.glitch.me/2d6e8d70-57a5-4dd2-b4bb-c1505f83f020/nyan.png",
            "label": "nyan"
        },
        {
            "src": "https://cdn.glitch.me/2d6e8d70-57a5-4dd2-b4bb-c1505f83f020/obama.png",
            "label": "obama"
        },
        {
            "src": "https://cdn.glitch.me/2d6e8d70-57a5-4dd2-b4bb-c1505f83f020/oof.png",
            "label": "oof"
        },
        {
            "src": "https://cdn.glitch.me/2d6e8d70-57a5-4dd2-b4bb-c1505f83f020/optic.png",
            "label": "optic"
        },
        {
            "src": "https://cdn.glitch.me/2d6e8d70-57a5-4dd2-b4bb-c1505f83f020/origin.png",
            "label": "origin"
        },
        {
            "src": "https://cdn.glitch.me/2d6e8d70-57a5-4dd2-b4bb-c1505f83f020/ovo.jpg",
            "label": "ovo"
        },
        {
            "src": "https://cdn.glitch.me/2d6e8d70-57a5-4dd2-b4bb-c1505f83f020/owl.png",
            "label": "owl"
        },
        {
            "src": "https://cdn.glitch.me/2d6e8d70-57a5-4dd2-b4bb-c1505f83f020/panda.png",
            "label": "panda"
        },
        {
            "src": "https://cdn.glitch.me/2d6e8d70-57a5-4dd2-b4bb-c1505f83f020/pewdiepie.png",
            "label": "pewdiepie"
        },
        {
            "src": "https://cdn.glitch.me/2d6e8d70-57a5-4dd2-b4bb-c1505f83f020/pikachu.png",
            "label": "pikachu"
        },
        {
            "src": "https://cdn.glitch.me/2d6e8d70-57a5-4dd2-b4bb-c1505f83f020/pineappleface.png",
            "label": "pineappleface"
        },
        {
            "src": "https://cdn.glitch.me/2d6e8d70-57a5-4dd2-b4bb-c1505f83f020/phillies.jpg",
            "label": "phillies"
        },
        {
            "src": "https://cdn.glitch.me/2d6e8d70-57a5-4dd2-b4bb-c1505f83f020/pirate.png",
            "label": "pirate"
        },
        {
            "src": "https://cdn.glitch.me/2d6e8d70-57a5-4dd2-b4bb-c1505f83f020/pizza.png",
            "label": "pizza"
        },
        {
            "src": "https://cdn.glitch.me/2d6e8d70-57a5-4dd2-b4bb-c1505f83f020/pluto.png",
            "label": "pluto"
        },
        {
            "src": "https://cdn.glitch.me/2d6e8d70-57a5-4dd2-b4bb-c1505f83f020/pokeball.png",
            "label": "pokeball"
        },
        {
            "src": "https://cdn.glitch.me/2d6e8d70-57a5-4dd2-b4bb-c1505f83f020/poland.png",
            "label": "poland"
        },
        {
            "src": "https://cdn.glitch.me/2d6e8d70-57a5-4dd2-b4bb-c1505f83f020/porky.jpg",
            "label": "porky"
        },
        {
            "src": "https://cdn.glitch.me/2d6e8d70-57a5-4dd2-b4bb-c1505f83f020/pride.png",
            "label": "pride"
        },
        {
            "src": "https://cdn.glitch.me/2d6e8d70-57a5-4dd2-b4bb-c1505f83f020/prkr.png",
            "label": "prkr"
        },
        {
            "src": "https://cdn.glitch.me/2d6e8d70-57a5-4dd2-b4bb-c1505f83f020/prodota.png",
            "label": "prodota"
        },
        {
            "src": "https://cdn.glitch.me/2d6e8d70-57a5-4dd2-b4bb-c1505f83f020/psg.png",
            "label": "psg"
        },
        {
            "src": "https://cdn.glitch.global/2d6e8d70-57a5-4dd2-b4bb-c1505f83f020/pulisic.jpeg",
            "label": "pulisic"
        },
        {
            "src": "https://cdn.glitch.me/2d6e8d70-57a5-4dd2-b4bb-c1505f83f020/putin.png",
            "label": "putin"
        },
        {
            "src": "https://cdn.glitch.me/2d6e8d70-57a5-4dd2-b4bb-c1505f83f020/quandale-dingle.png",
            "label": "quandale-dingle"
        },
        {
            "src": "https://cdn.glitch.global/2d6e8d70-57a5-4dd2-b4bb-c1505f83f020/ronaldo.jpeg",
            "label": "ronaldo"
        },
        {
            "src": "https://cdn.glitch.me/2d6e8d70-57a5-4dd2-b4bb-c1505f83f020/realmadrid.jpg",
            "label": "realmadrid"
        },
        {
            "src": "https://cdn.glitch.me/2d6e8d70-57a5-4dd2-b4bb-c1505f83f020/reddit.png",
            "label": "reddit"
        },
        {
            "src": "https://cdn.glitch.me/2d6e8d70-57a5-4dd2-b4bb-c1505f83f020/regularshow.png",
            "label": "regularshow"
        },
        {
            "src": "https://cdn.glitch.me/2d6e8d70-57a5-4dd2-b4bb-c1505f83f020/rocketleague.png",
            "label": "rocketleague"
        },
        {
            "src": "https://cdn.glitch.me/2d6e8d70-57a5-4dd2-b4bb-c1505f83f020/russia.png",
            "label": "russia"
        },
        {
            "src": "https://cdn.glitch.global/2d6e8d70-57a5-4dd2-b4bb-c1505f83f020/sailormoon.png",
            "label": "sailormoon"
        },
        {
            "src": "https://cdn.glitch.me/2d6e8d70-57a5-4dd2-b4bb-c1505f83f020/sanik.png",
            "label": "sanik"
        },
        {
            "src": "https://cdn.glitch.me/2d6e8d70-57a5-4dd2-b4bb-c1505f83f020/saturn.png",
            "label": "saturn"
        },
        {
            "src": "https://cdn.glitch.me/2d6e8d70-57a5-4dd2-b4bb-c1505f83f020/Scoobis.png",
            "label": "scoobis"
        },
        {
            "src": "https://cdn.glitch.me/2d6e8d70-57a5-4dd2-b4bb-c1505f83f020/smile.png",
            "label": "smile"
        },
        {
            "src": "https://cdn.glitch.me/2d6e8d70-57a5-4dd2-b4bb-c1505f83f020/snowman.png",
            "label": "snowman"
        },
        {
            "src": "https://cdn.glitch.me/2d6e8d70-57a5-4dd2-b4bb-c1505f83f020/soccer.png",
            "label": "soccer"
        },
        {
            "src": "https://cdn.glitch.me/2d6e8d70-57a5-4dd2-b4bb-c1505f83f020/somalia.png",
            "label": "somalia"
        },
        {
            "src": "https://cdn.glitch.me/2d6e8d70-57a5-4dd2-b4bb-c1505f83f020/spain.png",
            "label": "spain"
        },
        {
            "src": "https://cdn.glitch.me/2d6e8d70-57a5-4dd2-b4bb-c1505f83f020/spiderman.png",
            "label": "spiderman"
        },
        {
            "src": "https://cdn.glitch.me/2d6e8d70-57a5-4dd2-b4bb-c1505f83f020/spotify.png",
            "label": "spotify"
        },
        {
            "src": "https://cdn.glitch.me/2d6e8d70-57a5-4dd2-b4bb-c1505f83f020/spy.png",
            "label": "spy"
        },
        {
            "src": "https://cdn.glitch.me/2d6e8d70-57a5-4dd2-b4bb-c1505f83f020/steam.png",
            "label": "steam"
        },
        {
            "src": "https://cdn.glitch.me/2d6e8d70-57a5-4dd2-b4bb-c1505f83f020/stussy.png",
            "label": "stussy"
        },
        {
            "src": "https://cdn.glitch.me/2d6e8d70-57a5-4dd2-b4bb-c1505f83f020/superman.png",
            "label": "superman"
        },
        {
            "src": "https://cdn.glitch.me/2d6e8d70-57a5-4dd2-b4bb-c1505f83f020/sweden.png",
            "label": "sweden"
        },
        {
            "src": "https://cdn.glitch.me/2d6e8d70-57a5-4dd2-b4bb-c1505f83f020/takethel.png",
            "label": "takethel"
        },
        {
            "src": "https://cdn.glitch.me/2d6e8d70-57a5-4dd2-b4bb-c1505f83f020/target.png",
            "label": "target"
        },
        {
            "src": "https://cdn.glitch.me/2d6e8d70-57a5-4dd2-b4bb-c1505f83f020/th3skeleton.jpg",
            "label": "th3skeleton"
        },
        {
            "src": "https://cdn.glitch.me/2d6e8d70-57a5-4dd2-b4bb-c1505f83f020/tomato.png",
            "label": "tomato"
        },
        {
            "src": "https://cdn.glitch.me/2d6e8d70-57a5-4dd2-b4bb-c1505f83f020/twitch.png",
            "label": "twitch"
        },
        {
            "src": "https://cdn.glitch.me/2d6e8d70-57a5-4dd2-b4bb-c1505f83f020/tylerocean.png",
            "label": "tylerocean"
        },
        {
            "src": "https://cdn.glitch.me/2d6e8d70-57a5-4dd2-b4bb-c1505f83f020/ubisoft.png",
            "label": "ubisoft"
        },
        {
            "src": "https://cdn.glitch.me/2d6e8d70-57a5-4dd2-b4bb-c1505f83f020/uk.png",
            "label": "uk"
        },
        {
            "src": "https://cdn.glitch.me/2d6e8d70-57a5-4dd2-b4bb-c1505f83f020/ukraine.png",
            "label": "ukraine"
        },
        {
            "src": "https://cdn.glitch.me/2d6e8d70-57a5-4dd2-b4bb-c1505f83f020/union.png",
            "label": "union"
        },
        {
            "src": "https://cdn.glitch.me/2d6e8d70-57a5-4dd2-b4bb-c1505f83f020/uranus.png",
            "label": "uranus"
        },
        {
            "src": "https://cdn.glitch.me/2d6e8d70-57a5-4dd2-b4bb-c1505f83f020/usa.png",
            "label": "usa"
        },
        {
            "src": "https://cdn.glitch.me/2d6e8d70-57a5-4dd2-b4bb-c1505f83f020/ussr.png",
            "label": "ussr"
        },
        {
            "src": "https://cdn.glitch.me/2d6e8d70-57a5-4dd2-b4bb-c1505f83f020/v1.jpg",
            "label": "v1"
        },
        {
            "src": "https://cdn.glitch.me/2d6e8d70-57a5-4dd2-b4bb-c1505f83f020/valorant.png",
            "label": "valorant"
        },
        {
            "src": "https://cdn.glitch.me/2d6e8d70-57a5-4dd2-b4bb-c1505f83f020/venus.png",
            "label": "venus"
        },
        {
            "src": "https://cdn.glitch.me/2d6e8d70-57a5-4dd2-b4bb-c1505f83f020/vinesauce.png",
            "label": "vinesauce"
        },
        {
            "src": "https://cdn.glitch.me/2d6e8d70-57a5-4dd2-b4bb-c1505f83f020/void.png",
            "label": "void"
        },
        {
            "src": "https://cdn.glitch.me/2d6e8d70-57a5-4dd2-b4bb-c1505f83f020/walterwhite.png",
            "label": "walterwhite"
        },
        {
            "src": "https://cdn.glitch.me/2d6e8d70-57a5-4dd2-b4bb-c1505f83f020/wendys.png",
            "label": "wendys"
        },
        {
            "src": "https://cdn.glitch.me/2d6e8d70-57a5-4dd2-b4bb-c1505f83f020/wojak.png",
            "label": "wojak"
        },
        {
            "src": "https://cdn.glitch.me/2d6e8d70-57a5-4dd2-b4bb-c1505f83f020/xxxtentacion.jpg",
            "label": "xxxtentacion"
        },
        {
            "src": "https://cdn.glitch.me/2d6e8d70-57a5-4dd2-b4bb-c1505f83f020/yaranaika.png",
            "label": "yaranaika"
        },
        {
            "src": "https://cdn.glitch.me/2d6e8d70-57a5-4dd2-b4bb-c1505f83f020/zombie.png",
            "label": "zombie"
        }
    ]
}
